DataUrl,Country,Global
google.com,"{'Rank': '1', 'Reach': {'PerMillion': '666000'}, 'PageViews': {'PerMillion': '163000', 'PerUser': '5.71'}}",{'Rank': '1'}
youtube.com,"{'Rank': '2', 'Reach': {'PerMillion': '315000'}, 'PageViews': {'PerMillion': '38400', 'PerUser': '2.84'}}",{'Rank': '2'}
google.fr,"{'Rank': '3', 'Reach': {'PerMillion': '140000'}, 'PageViews': {'PerMillion': '23900', 'PerUser': '3.9'}}",{'Rank': '128'}
orange.fr,"{'Rank': '4', 'Reach': {'PerMillion': '63000'}, 'PageViews': {'PerMillion': '10300', 'PerUser': '3.8'}}",{'Rank': '361'}
yahoo.com,"{'Rank': '5', 'Reach': {'PerMillion': '59000'}, 'PageViews': {'PerMillion': '7000', 'PerUser': '2.7'}}",{'Rank': '12'}
amazon.fr,"{'Rank': '6', 'Reach': {'PerMillion': '41000'}, 'PageViews': {'PerMillion': '11100', 'PerUser': '6.4'}}",{'Rank': '321'}
bongacams.com,"{'Rank': '7', 'Reach': {'PerMillion': '94734.35'}, 'PageViews': {'PerMillion': '6591.58', 'PerUser': '1.62'}}",{'Rank': '33'}
wikipedia.org,"{'Rank': '8', 'Reach': {'PerMillion': '50000'}, 'PageViews': {'PerMillion': '4600', 'PerUser': '2.1'}}",{'Rank': '13'}
leboncoin.fr,"{'Rank': '9', 'Reach': {'PerMillion': '47000'}, 'PageViews': {'PerMillion': '5200', 'PerUser': '2.6'}}",{'Rank': '555'}
netflix.com,"{'Rank': '10', 'Reach': {'PerMillion': '44000'}, 'PageViews': {'PerMillion': '3400', 'PerUser': '1.8'}}",{'Rank': '19'}
facebook.com,"{'Rank': '11', 'Reach': {'PerMillion': '43000'}, 'PageViews': {'PerMillion': '3600', 'PerUser': '1.9'}}",{'Rank': '4'}
live.com,"{'Rank': '12', 'Reach': {'PerMillion': '37000'}, 'PageViews': {'PerMillion': '4100', 'PerUser': '2.6'}}",{'Rank': '18'}
bing.com,"{'Rank': '13', 'Reach': {'PerMillion': '40000'}, 'PageViews': {'PerMillion': '2800', 'PerUser': '1.6'}}",{'Rank': '29'}
ameli.fr,"{'Rank': '14', 'Reach': {'PerMillion': '32000'}, 'PageViews': {'PerMillion': '3300', 'PerUser': '2.4'}}",{'Rank': '907'}
caf.fr,"{'Rank': '15', 'Reach': {'PerMillion': '23000'}, 'PageViews': {'PerMillion': '5700', 'PerUser': '5.9'}}",{'Rank': '1012'}
pornhub.com,"{'Rank': '16', 'Reach': {'PerMillion': '26000'}, 'PageViews': {'PerMillion': '3800', 'PerUser': '3.4'}}",{'Rank': '82'}
ebay.fr,"{'Rank': '17', 'Reach': {'PerMillion': '20000'}, 'PageViews': {'PerMillion': '7550', 'PerUser': '8.8'}}",{'Rank': '819'}
chaturbate.com,"{'Rank': '18', 'Reach': {'PerMillion': '29327.39'}, 'PageViews': {'PerMillion': '14217.62', 'PerUser': '11.31'}}",{'Rank': '46'}
sfr.fr,"{'Rank': '19', 'Reach': {'PerMillion': '22000'}, 'PageViews': {'PerMillion': '3500', 'PerUser': '3.7'}}",{'Rank': '1203'}
pole-emploi.fr,"{'Rank': '20', 'Reach': {'PerMillion': '19000'}, 'PageViews': {'PerMillion': '5700', 'PerUser': '7.1'}}",{'Rank': '1222'}
impots.gouv.fr,"{'Rank': '21', 'Reach': {'PerMillion': '22000'}, 'PageViews': {'PerMillion': '3000', 'PerUser': '3.1'}}",{'Rank': '1204'}
free.fr,"{'Rank': '22', 'Reach': {'PerMillion': '22000'}, 'PageViews': {'PerMillion': '2300', 'PerUser': '2.4'}}",{'Rank': '1010'}
labanquepostale.fr,"{'Rank': '23', 'Reach': {'PerMillion': '16000'}, 'PageViews': {'PerMillion': '4100', 'PerUser': '6.2'}}",{'Rank': '1500'}
ouest-france.fr,"{'Rank': '24', 'Reach': {'PerMillion': '21000'}, 'PageViews': {'PerMillion': '1700', 'PerUser': '1.9'}}",{'Rank': '1522'}
vidal.fr,"{'Rank': '25', 'Reach': {'PerMillion': '30854.1'}, 'PageViews': {'PerMillion': '3330.18', 'PerUser': '2.52'}}",{'Rank': '1321'}
livejasmin.com,"{'Rank': '26', 'Reach': {'PerMillion': '37703.1'}, 'PageViews': {'PerMillion': '2334.97', 'PerUser': '1.44'}}",{'Rank': '88'}
microsoft.com,"{'Rank': '27', 'Reach': {'PerMillion': '21000'}, 'PageViews': {'PerMillion': '1600', 'PerUser': '1.8'}}",{'Rank': '20'}
mabanque.bnpparibas,"{'Rank': '28', 'Reach': {'PerMillion': '15000'}, 'PageViews': {'PerMillion': '3300', 'PerUser': '5.1'}}",{'Rank': '1680'}
ilovepdf.com,"{'Rank': '29', 'Reach': {'PerMillion': '16000'}, 'PageViews': {'PerMillion': '2500', 'PerUser': '3.6'}}",{'Rank': '110'}
credit-agricole.fr,"{'Rank': '30', 'Reach': {'PerMillion': '13000'}, 'PageViews': {'PerMillion': '2900', 'PerUser': '5.1'}}",{'Rank': '1870'}
doctolib.fr,"{'Rank': '31', 'Reach': {'PerMillion': '14000'}, 'PageViews': {'PerMillion': '2500', 'PerUser': '4.2'}}",{'Rank': '1945'}
cdiscount.com,"{'Rank': '32', 'Reach': {'PerMillion': '14000'}, 'PageViews': {'PerMillion': '2400', 'PerUser': '4.1'}}",{'Rank': '1205'}
edf.fr,"{'Rank': '33', 'Reach': {'PerMillion': '12000'}, 'PageViews': {'PerMillion': '3500', 'PerUser': '7'}}",{'Rank': '2084'}
interieur.gouv.fr,"{'Rank': '34', 'Reach': {'PerMillion': '15000'}, 'PageViews': {'PerMillion': '1700', 'PerUser': '2.5'}}",{'Rank': '1948'}
xhamster.com,"{'Rank': '35', 'Reach': {'PerMillion': '11000'}, 'PageViews': {'PerMillion': '3800', 'PerUser': '8.1'}}",{'Rank': '104'}
microsoftonline.com,"{'Rank': '36', 'Reach': {'PerMillion': '17000'}, 'PageViews': {'PerMillion': '1200', 'PerUser': '1.6'}}",{'Rank': '32'}
msn.com,"{'Rank': '37', 'Reach': {'PerMillion': '19000'}, 'PageViews': {'PerMillion': '990', 'PerUser': '1.2'}}",{'Rank': '60'}
service-public.fr,"{'Rank': '38', 'Reach': {'PerMillion': '16000'}, 'PageViews': {'PerMillion': '1200', 'PerUser': '1.8'}}",{'Rank': '2041'}
index-education.net,"{'Rank': '39', 'Reach': {'PerMillion': '16000'}, 'PageViews': {'PerMillion': '1200', 'PerUser': '1.7'}}",{'Rank': '2112'}
extreme-down.plus,"{'Rank': '40', 'Reach': {'PerMillion': '10000'}, 'PageViews': {'PerMillion': '2900', 'PerUser': '6.5'}}",{'Rank': '2125'}
caisse-epargne.fr,"{'Rank': '41', 'Reach': {'PerMillion': '11000'}, 'PageViews': {'PerMillion': '1900', 'PerUser': '4'}}",{'Rank': '2529'}
societegenerale.fr,"{'Rank': '42', 'Reach': {'PerMillion': '10000'}, 'PageViews': {'PerMillion': '2400', 'PerUser': '5.4'}}",{'Rank': '2613'}
vinted.fr,"{'Rank': '43', 'Reach': {'PerMillion': '8400'}, 'PageViews': {'PerMillion': '4000', 'PerUser': '11'}}",{'Rank': '2685'}
reddit.com,"{'Rank': '44', 'Reach': {'PerMillion': '11000'}, 'PageViews': {'PerMillion': '1500', 'PerUser': '3'}}",{'Rank': '21'}
twitch.tv,"{'Rank': '45', 'Reach': {'PerMillion': '11000'}, 'PageViews': {'PerMillion': '1300', 'PerUser': '2.8'}}",{'Rank': '37'}
xvideos.com,"{'Rank': '46', 'Reach': {'PerMillion': '7700'}, 'PageViews': {'PerMillion': '3300', 'PerUser': '9.9'}}",{'Rank': '103'}
fandom.com,"{'Rank': '47', 'Reach': {'PerMillion': '8700'}, 'PageViews': {'PerMillion': '1700', 'PerUser': '4.7'}}",{'Rank': '99'}
connexion-mabanque.bnpparibas,"{'Rank': '48', 'Reach': {'PerMillion': '14000'}, 'PageViews': {'PerMillion': '640', 'PerUser': '1.1'}}",{'Rank': '3338'}
lefigaro.fr,"{'Rank': '49', 'Reach': {'PerMillion': '11000'}, 'PageViews': {'PerMillion': '870', 'PerUser': '1.8'}}",{'Rank': '1895'}
franceconnect.gouv.fr,"{'Rank': '50', 'Reach': {'PerMillion': '13000'}, 'PageViews': {'PerMillion': '610', 'PerUser': '1.1'}}",{'Rank': '3462'}
meteofrance.com,"{'Rank': '51', 'Reach': {'PerMillion': '11000'}, 'PageViews': {'PerMillion': '790', 'PerUser': '1.7'}}",{'Rank': '3538'}
allocine.fr,"{'Rank': '52', 'Reach': {'PerMillion': '9600'}, 'PageViews': {'PerMillion': '1000', 'PerUser': '2.5'}}",{'Rank': '2663'}
laposte.fr,"{'Rank': '53', 'Reach': {'PerMillion': '10000'}, 'PageViews': {'PerMillion': '870', 'PerUser': '2'}}",{'Rank': '2818'}
lemonde.fr,"{'Rank': '54', 'Reach': {'PerMillion': '11000'}, 'PageViews': {'PerMillion': '770', 'PerUser': '1.7'}}",{'Rank': '2119'}
aliexpress.com,"{'Rank': '55', 'Reach': {'PerMillion': '9000'}, 'PageViews': {'PerMillion': '1100', 'PerUser': '2.7'}}",{'Rank': '47'}
banquepopulaire.fr,"{'Rank': '56', 'Reach': {'PerMillion': '8200'}, 'PageViews': {'PerMillion': '1200', 'PerUser': '3.5'}}",{'Rank': '3755'}
youporn.com,"{'Rank': '57', 'Reach': {'PerMillion': '7100'}, 'PageViews': {'PerMillion': '1800', 'PerUser': '6'}}",{'Rank': '568'}
roblox.com,"{'Rank': '58', 'Reach': {'PerMillion': '6400'}, 'PageViews': {'PerMillion': '2300', 'PerUser': '8.4'}}",{'Rank': '112'}
programme-tv.net,"{'Rank': '59', 'Reach': {'PerMillion': '8000'}, 'PageViews': {'PerMillion': '1200', 'PerUser': '3.5'}}",{'Rank': '3470'}
legifrance.gouv.fr,"{'Rank': '60', 'Reach': {'PerMillion': '7700'}, 'PageViews': {'PerMillion': '1300', 'PerUser': '3.8'}}",{'Rank': '3830'}
zoom.us,"{'Rank': '61', 'Reach': {'PerMillion': '8300'}, 'PageViews': {'PerMillion': '1000', 'PerUser': '2.9'}}",{'Rank': '17'}
wordpress.com,"{'Rank': '62', 'Reach': {'PerMillion': '7900'}, 'PageViews': {'PerMillion': '1200', 'PerUser': '3.5'}}",{'Rank': '59'}
tameteo.com,"{'Rank': '63', 'Reach': {'PerMillion': '11000'}, 'PageViews': {'PerMillion': '630', 'PerUser': '1.4'}}",{'Rank': '3750'}
booking.com,"{'Rank': '64', 'Reach': {'PerMillion': '7800'}, 'PageViews': {'PerMillion': '1100', 'PerUser': '3.3'}}",{'Rank': '97'}
google.ru,"{'Rank': '65', 'Reach': {'PerMillion': '9200'}, 'PageViews': {'PerMillion': '760', 'PerUser': '1.9'}}",{'Rank': '116'}
breakflip.com,"{'Rank': '66', 'Reach': {'PerMillion': '11539.2'}, 'PageViews': {'PerMillion': '2352.99', 'PerUser': '4.76'}}",{'Rank': '3630'}
wlp-acs.com,"{'Rank': '67', 'Reach': {'PerMillion': '9000'}, 'PageViews': {'PerMillion': '780', 'PerUser': '2'}}",{'Rank': '3672'}
doramy.club,"{'Rank': '68', 'Reach': {'PerMillion': '5000'}, 'PageViews': {'PerMillion': '4800', 'PerUser': '22'}}",{'Rank': '1305'}
canva.com,"{'Rank': '69', 'Reach': {'PerMillion': '7000'}, 'PageViews': {'PerMillion': '1400', 'PerUser': '4.6'}}",{'Rank': '38'}
urssaf.fr,"{'Rank': '70', 'Reach': {'PerMillion': '6800'}, 'PageViews': {'PerMillion': '1400', 'PerUser': '5'}}",{'Rank': '4335'}
indeed.com,"{'Rank': '71', 'Reach': {'PerMillion': '8300'}, 'PageViews': {'PerMillion': '830', 'PerUser': '2.3'}}",{'Rank': '63'}
laposte.net,"{'Rank': '72', 'Reach': {'PerMillion': '7800'}, 'PageViews': {'PerMillion': '920', 'PerUser': '2.8'}}",{'Rank': '3937'}
padlet.com,"{'Rank': '73', 'Reach': {'PerMillion': '14016.4'}, 'PageViews': {'PerMillion': '1521.54', 'PerUser': '2.53'}}",{'Rank': '164'}
enedis.fr,"{'Rank': '74', 'Reach': {'PerMillion': '7000'}, 'PageViews': {'PerMillion': '1200', 'PerUser': '4.1'}}",{'Rank': '4563'}
serieously.com,"{'Rank': '75', 'Reach': {'PerMillion': '13896.7'}, 'PageViews': {'PerMillion': '1179.3', 'PerUser': '1.98'}}",{'Rank': '4257'}
filmix.ac,"{'Rank': '76', 'Reach': {'PerMillion': '5400'}, 'PageViews': {'PerMillion': '2500', 'PerUser': '11'}}",{'Rank': '771'}
creditmutuel.fr,"{'Rank': '77', 'Reach': {'PerMillion': '7000'}, 'PageViews': {'PerMillion': '900', 'PerUser': '3'}}",{'Rank': '4399'}
fnac.com,"{'Rank': '78', 'Reach': {'PerMillion': '7100'}, 'PageViews': {'PerMillion': '860', 'PerUser': '2.8'}}",{'Rank': '3245'}
oui.sncf,"{'Rank': '79', 'Reach': {'PerMillion': '6700'}, 'PageViews': {'PerMillion': '940', 'PerUser': '3.3'}}",{'Rank': '4276'}
anwap.tube,"{'Rank': '80', 'Reach': {'PerMillion': '5200'}, 'PageViews': {'PerMillion': '1900', 'PerUser': '8.6'}}",{'Rank': '3477'}
secretsdujeu.com,"{'Rank': '81', 'Reach': {'PerMillion': '11219'}, 'PageViews': {'PerMillion': '1464.27', 'PerUser': '3.04'}}",{'Rank': '4911'}
webmail.free.fr,"{'Rank': '82', 'Reach': {'PerMillion': '9300'}, 'PageViews': {'PerMillion': '470', 'PerUser': '1.2'}}",{'Rank': '5285'}
pagesjaunes.fr,"{'Rank': '83', 'Reach': {'PerMillion': '7100'}, 'PageViews': {'PerMillion': '750', 'PerUser': '2.5'}}",{'Rank': '4760'}
al-in.fr,"{'Rank': '84', 'Reach': {'PerMillion': '9000'}, 'PageViews': {'PerMillion': '460', 'PerUser': '1.2'}}",{'Rank': '5440'}
cic.fr,"{'Rank': '85', 'Reach': {'PerMillion': '5500'}, 'PageViews': {'PerMillion': '1200', 'PerUser': '5'}}",{'Rank': '4888'}
ecoledirecte.com,"{'Rank': '86', 'Reach': {'PerMillion': '8900'}, 'PageViews': {'PerMillion': '440', 'PerUser': '1.1'}}",{'Rank': '5589'}
mypcs.com,"{'Rank': '87', 'Reach': {'PerMillion': '4900'}, 'PageViews': {'PerMillion': '1700', 'PerUser': '8'}}",{'Rank': '5544'}
xnxx.com,"{'Rank': '88', 'Reach': {'PerMillion': '4400'}, 'PageViews': {'PerMillion': '2000', 'PerUser': '10'}}",{'Rank': '191'}
manhunt.net,"{'Rank': '89', 'Reach': {'PerMillion': '5200'}, 'PageViews': {'PerMillion': '1200', 'PerUser': '5.2'}}",{'Rank': '5197'}
rezka.ag,"{'Rank': '90', 'Reach': {'PerMillion': '5000'}, 'PageViews': {'PerMillion': '1300', 'PerUser': '6.3'}}",{'Rank': '393'}
telerama.fr,"{'Rank': '91', 'Reach': {'PerMillion': '5900'}, 'PageViews': {'PerMillion': '820', 'PerUser': '3.3'}}",{'Rank': '5383'}
wetransfer.com,"{'Rank': '92', 'Reach': {'PerMillion': '8100'}, 'PageViews': {'PerMillion': '430', 'PerUser': '1.2'}}",{'Rank': '120'}
primevideo.com,"{'Rank': '93', 'Reach': {'PerMillion': '6600'}, 'PageViews': {'PerMillion': '600', 'PerUser': '2.1'}}",{'Rank': '143'}
lcl.fr,"{'Rank': '94', 'Reach': {'PerMillion': '5200'}, 'PageViews': {'PerMillion': '1100', 'PerUser': '4.9'}}",{'Rank': '5219'}
zalando.fr,"{'Rank': '95', 'Reach': {'PerMillion': '4300'}, 'PageViews': {'PerMillion': '1900', 'PerUser': '10'}}",{'Rank': '5076'}
canalplus.com,"{'Rank': '96', 'Reach': {'PerMillion': '7100'}, 'PageViews': {'PerMillion': '510', 'PerUser': '1.7'}}",{'Rank': '3637'}
france.tv,"{'Rank': '97', 'Reach': {'PerMillion': '5100'}, 'PageViews': {'PerMillion': '960', 'PerUser': '4.4'}}",{'Rank': '6079'}
jeuxvideo.com,"{'Rank': '98', 'Reach': {'PerMillion': '5800'}, 'PageViews': {'PerMillion': '700', 'PerUser': '2.8'}}",{'Rank': '4116'}
adobe.com,"{'Rank': '99', 'Reach': {'PerMillion': '7000'}, 'PageViews': {'PerMillion': '460', 'PerUser': '1.5'}}",{'Rank': '42'}
tf1.fr,"{'Rank': '100', 'Reach': {'PerMillion': '7700'}, 'PageViews': {'PerMillion': '400', 'PerUser': '1.2'}}",{'Rank': '5728'}
DataUrl,Country,Global
webarcherie.com,"{'Rank': '101', 'Reach': {'PerMillion': '5000'}, 'PageViews': {'PerMillion': '960', 'PerUser': '4.5'}}",{'Rank': '6441'}
ecosia.org,"{'Rank': '102', 'Reach': {'PerMillion': '7900'}, 'PageViews': {'PerMillion': '370', 'PerUser': '1.1'}}",{'Rank': '861'}
dropbox.com,"{'Rank': '103', 'Reach': {'PerMillion': '6600'}, 'PageViews': {'PerMillion': '480', 'PerUser': '1.7'}}",{'Rank': '62'}
etudiant.gouv.fr,"{'Rank': '104', 'Reach': {'PerMillion': '5500'}, 'PageViews': {'PerMillion': '700', 'PerUser': '3'}}",{'Rank': '6514'}
apple.com,"{'Rank': '105', 'Reach': {'PerMillion': '5300'}, 'PageViews': {'PerMillion': '770', 'PerUser': '3.4'}}",{'Rank': '54'}
download-step1.com,"{'Rank': '106', 'Reach': {'PerMillion': '6900'}, 'PageViews': {'PerMillion': '430', 'PerUser': '1.5'}}",{'Rank': '905'}
1plus1tv.ru,"{'Rank': '107', 'Reach': {'PerMillion': '4800'}, 'PageViews': {'PerMillion': '860', 'PerUser': '4.1'}}",{'Rank': '2472'}
univ-rennes1.fr,"{'Rank': '108', 'Reach': {'PerMillion': '4700'}, 'PageViews': {'PerMillion': '850', 'PerUser': '4.2'}}",{'Rank': '6854'}
vk.com,"{'Rank': '109', 'Reach': {'PerMillion': '6400'}, 'PageViews': {'PerMillion': '430', 'PerUser': '1.6'}}",{'Rank': '31'}
google.dz,"{'Rank': '110', 'Reach': {'PerMillion': '4000'}, 'PageViews': {'PerMillion': '1400', 'PerUser': '8.3'}}",{'Rank': '859'}
sips-services.com,"{'Rank': '111', 'Reach': {'PerMillion': '4800'}, 'PageViews': {'PerMillion': '770', 'PerUser': '3.7'}}",{'Rank': '6401'}
actu.fr,"{'Rank': '112', 'Reach': {'PerMillion': '5400'}, 'PageViews': {'PerMillion': '590', 'PerUser': '2.6'}}",{'Rank': '6380'}
ants.gouv.fr,"{'Rank': '113', 'Reach': {'PerMillion': '5200'}, 'PageViews': {'PerMillion': '640', 'PerUser': '2.9'}}",{'Rank': '6746'}
amazon.com,"{'Rank': '114', 'Reach': {'PerMillion': '5700'}, 'PageViews': {'PerMillion': '500', 'PerUser': '2'}}",{'Rank': '11'}
ok.ru,"{'Rank': '115', 'Reach': {'PerMillion': '6600'}, 'PageViews': {'PerMillion': '380', 'PerUser': '1.4'}}",{'Rank': '73'}
channelstream.watch,"{'Rank': '116', 'Reach': {'PerMillion': '6200'}, 'PageViews': {'PerMillion': '410', 'PerUser': '1.5'}}",{'Rank': '7068'}
uphf.fr,"{'Rank': '117', 'Reach': {'PerMillion': '3800'}, 'PageViews': {'PerMillion': '1400', 'PerUser': '8.4'}}",{'Rank': '7073'}
savefrom.net,"{'Rank': '118', 'Reach': {'PerMillion': '6900'}, 'PageViews': {'PerMillion': '340', 'PerUser': '1.1'}}",{'Rank': '105'}
office.com,"{'Rank': '119', 'Reach': {'PerMillion': '7000'}, 'PageViews': {'PerMillion': '330', 'PerUser': '1.1'}}",{'Rank': '22'}
linguee.fr,"{'Rank': '120', 'Reach': {'PerMillion': '5500'}, 'PageViews': {'PerMillion': '480', 'PerUser': '2'}}",{'Rank': '3671'}
reverso.net,"{'Rank': '121', 'Reach': {'PerMillion': '5600'}, 'PageViews': {'PerMillion': '470', 'PerUser': '2'}}",{'Rank': '341'}
opex360.com,"{'Rank': '122', 'Reach': {'PerMillion': '5600'}, 'PageViews': {'PerMillion': '450', 'PerUser': '1.9'}}",{'Rank': '7562'}
u-cergy.fr,"{'Rank': '123', 'Reach': {'PerMillion': '4700'}, 'PageViews': {'PerMillion': '660', 'PerUser': '3.3'}}",{'Rank': '7675'}
airbnb.fr,"{'Rank': '124', 'Reach': {'PerMillion': '4700'}, 'PageViews': {'PerMillion': '660', 'PerUser': '3.3'}}",{'Rank': '5763'}
cash.ch,"{'Rank': '125', 'Reach': {'PerMillion': '5000'}, 'PageViews': {'PerMillion': '540', 'PerUser': '2.5'}}",{'Rank': '6771'}
tukif.com,"{'Rank': '126', 'Reach': {'PerMillion': '3800'}, 'PageViews': {'PerMillion': '1100', 'PerUser': '6.8'}}",{'Rank': '5112'}
cpasmieux.site,"{'Rank': '127', 'Reach': {'PerMillion': '3900'}, 'PageViews': {'PerMillion': '1000', 'PerUser': '6.2'}}",{'Rank': '7554'}
deepl.com,"{'Rank': '128', 'Reach': {'PerMillion': '6600'}, 'PageViews': {'PerMillion': '320', 'PerUser': '1.1'}}",{'Rank': '130'}
insa-rennes.fr,"{'Rank': '129', 'Reach': {'PerMillion': '3600'}, 'PageViews': {'PerMillion': '1300', 'PerUser': '8.4'}}",{'Rank': '7834'}
myasiantv.cc,"{'Rank': '130', 'Reach': {'PerMillion': '3800'}, 'PageViews': {'PerMillion': '1100', 'PerUser': '6.9'}}",{'Rank': '3418'}
programme-television.org,"{'Rank': '131', 'Reach': {'PerMillion': '4200'}, 'PageViews': {'PerMillion': '770', 'PerUser': '4.2'}}",{'Rank': '7587'}
etoro.com,"{'Rank': '132', 'Reach': {'PerMillion': '6200'}, 'PageViews': {'PerMillion': '350', 'PerUser': '1.3'}}",{'Rank': '264'}
carrefour.fr,"{'Rank': '133', 'Reach': {'PerMillion': '3800'}, 'PageViews': {'PerMillion': '1000', 'PerUser': '6.4'}}",{'Rank': '6860'}
bfmtv.com,"{'Rank': '134', 'Reach': {'PerMillion': '6400'}, 'PageViews': {'PerMillion': '320', 'PerUser': '1.2'}}",{'Rank': '4907'}
echelledejacob.blogspot.com,"{'Rank': '135', 'Reach': {'PerMillion': '4800'}, 'PageViews': {'PerMillion': '540', 'PerUser': '2.6'}}",{'Rank': '7989'}
univ-paris1.fr,"{'Rank': '136', 'Reach': {'PerMillion': '3400'}, 'PageViews': {'PerMillion': '1500', 'PerUser': '9.9'}}",{'Rank': '7952'}
grenoble-inp.fr,"{'Rank': '137', 'Reach': {'PerMillion': '4000'}, 'PageViews': {'PerMillion': '860', 'PerUser': '5'}}",{'Rank': '8057'}
meteociel.fr,"{'Rank': '138', 'Reach': {'PerMillion': '5200'}, 'PageViews': {'PerMillion': '440', 'PerUser': '2'}}",{'Rank': '7553'}
ikea.com,"{'Rank': '139', 'Reach': {'PerMillion': '3700'}, 'PageViews': {'PerMillion': '1000', 'PerUser': '6.5'}}",{'Rank': '200'}
cotesdarmor.fr,"{'Rank': '140', 'Reach': {'PerMillion': '3500'}, 'PageViews': {'PerMillion': '1200', 'PerUser': '7.9'}}",{'Rank': '8215'}
meetic.fr,"{'Rank': '141', 'Reach': {'PerMillion': '6400'}, 'PageViews': {'PerMillion': '300', 'PerUser': '1.1'}}",{'Rank': '7620'}
wifirst.net,"{'Rank': '142', 'Reach': {'PerMillion': '6300'}, 'PageViews': {'PerMillion': '300', 'PerUser': '1.1'}}",{'Rank': '8321'}
univ-lorraine.fr,"{'Rank': '143', 'Reach': {'PerMillion': '3500'}, 'PageViews': {'PerMillion': '1100', 'PerUser': '7.3'}}",{'Rank': '7116'}
uca.fr,"{'Rank': '144', 'Reach': {'PerMillion': '4100'}, 'PageViews': {'PerMillion': '700', 'PerUser': '4'}}",{'Rank': '8241'}
toutemonannee.com,"{'Rank': '145', 'Reach': {'PerMillion': '3700'}, 'PageViews': {'PerMillion': '980', 'PerUser': '6.3'}}",{'Rank': '8349'}
fdj.fr,"{'Rank': '146', 'Reach': {'PerMillion': '4900'}, 'PageViews': {'PerMillion': '460', 'PerUser': '2.2'}}",{'Rank': '7245'}
uptobox.com,"{'Rank': '147', 'Reach': {'PerMillion': '4700'}, 'PageViews': {'PerMillion': '470', 'PerUser': '2.3'}}",{'Rank': '1316'}
cyu.fr,"{'Rank': '148', 'Reach': {'PerMillion': '4400'}, 'PageViews': {'PerMillion': '560', 'PerUser': '3'}}",{'Rank': '8470'}
bookys-ebooks.com,"{'Rank': '149', 'Reach': {'PerMillion': '3800'}, 'PageViews': {'PerMillion': '810', 'PerUser': '5'}}",{'Rank': '8231'}
seloger.com,"{'Rank': '150', 'Reach': {'PerMillion': '4100'}, 'PageViews': {'PerMillion': '610', 'PerUser': '3.5'}}",{'Rank': '7014'}
20minutes.fr,"{'Rank': '151', 'Reach': {'PerMillion': '5300'}, 'PageViews': {'PerMillion': '340', 'PerUser': '1.5'}}",{'Rank': '6003'}
univ-lille.fr,"{'Rank': '152', 'Reach': {'PerMillion': '3100'}, 'PageViews': {'PerMillion': '1200', 'PerUser': '9.1'}}",{'Rank': '8320'}
education.gouv.fr,"{'Rank': '153', 'Reach': {'PerMillion': '5600'}, 'PageViews': {'PerMillion': '300', 'PerUser': '1.3'}}",{'Rank': '7594'}
seine-saint-denis.gouv.fr,"{'Rank': '154', 'Reach': {'PerMillion': '3800'}, 'PageViews': {'PerMillion': '680', 'PerUser': '4.3'}}",{'Rank': '9044'}
drouotonline.com,"{'Rank': '155', 'Reach': {'PerMillion': '3200'}, 'PageViews': {'PerMillion': '1100', 'PerUser': '7.7'}}",{'Rank': '8840'}
eclat-bfc.fr,"{'Rank': '156', 'Reach': {'PerMillion': '3700'}, 'PageViews': {'PerMillion': '670', 'PerUser': '4.2'}}",{'Rank': '9147'}
schieber.ch,"{'Rank': '157', 'Reach': {'PerMillion': '3100'}, 'PageViews': {'PerMillion': '1200', 'PerUser': '9'}}",{'Rank': '9150'}
veepee.fr,"{'Rank': '158', 'Reach': {'PerMillion': '3900'}, 'PageViews': {'PerMillion': '580', 'PerUser': '3.5'}}",{'Rank': '7891'}
manomano.fr,"{'Rank': '159', 'Reach': {'PerMillion': '3900'}, 'PageViews': {'PerMillion': '560', 'PerUser': '3.3'}}",{'Rank': '8012'}
demande-logement-social.gouv.fr,"{'Rank': '160', 'Reach': {'PerMillion': '3700'}, 'PageViews': {'PerMillion': '690', 'PerUser': '4.4'}}",{'Rank': '9255'}
tinder.com,"{'Rank': '161', 'Reach': {'PerMillion': '4500'}, 'PageViews': {'PerMillion': '400', 'PerUser': '2.1'}}",{'Rank': '744'}
leroymerlin.fr,"{'Rank': '162', 'Reach': {'PerMillion': '4200'}, 'PageViews': {'PerMillion': '470', 'PerUser': '2.6'}}",{'Rank': '8076'}
aparat.com,"{'Rank': '163', 'Reach': {'PerMillion': '4737.57'}, 'PageViews': {'PerMillion': '619.2', 'PerUser': '3.05'}}",{'Rank': '51'}
smc.fr,"{'Rank': '164', 'Reach': {'PerMillion': '5000'}, 'PageViews': {'PerMillion': '330', 'PerUser': '1.6'}}",{'Rank': '9365'}
spankbang.com,"{'Rank': '165', 'Reach': {'PerMillion': '2700'}, 'PageViews': {'PerMillion': '1900', 'PerUser': '17'}}",{'Rank': '271'}
sabqpress.dz,"{'Rank': '166', 'Reach': {'PerMillion': '3200'}, 'PageViews': {'PerMillion': '950', 'PerUser': '6.9'}}",{'Rank': '8045'}
portail.free.fr,"{'Rank': '167', 'Reach': {'PerMillion': '4400'}, 'PageViews': {'PerMillion': '400', 'PerUser': '2.1'}}",{'Rank': '9406'}
dailymotion.com,"{'Rank': '168', 'Reach': {'PerMillion': '5000'}, 'PageViews': {'PerMillion': '320', 'PerUser': '1.5'}}",{'Rank': '348'}
univ-paris13.fr,"{'Rank': '169', 'Reach': {'PerMillion': '3600'}, 'PageViews': {'PerMillion': '610', 'PerUser': '4'}}",{'Rank': '9369'}
qwant.com,"{'Rank': '170', 'Reach': {'PerMillion': '5600'}, 'PageViews': {'PerMillion': '250', 'PerUser': '1'}}",{'Rank': '5282'}
laredoute.fr,"{'Rank': '171', 'Reach': {'PerMillion': '3200'}, 'PageViews': {'PerMillion': '800', 'PerUser': '5.8'}}",{'Rank': '8126'}
polytechnique.fr,"{'Rank': '172', 'Reach': {'PerMillion': '3500'}, 'PageViews': {'PerMillion': '600', 'PerUser': '4'}}",{'Rank': '9204'}
maafvie.fr,"{'Rank': '173', 'Reach': {'PerMillion': '4300'}, 'PageViews': {'PerMillion': '360', 'PerUser': '2'}}",{'Rank': '9946'}
ac-montpellier.fr,"{'Rank': '174', 'Reach': {'PerMillion': '4000'}, 'PageViews': {'PerMillion': '430', 'PerUser': '2.6'}}",{'Rank': '9787'}
qoqotte.com,"{'Rank': '175', 'Reach': {'PerMillion': '5500'}, 'PageViews': {'PerMillion': '240', 'PerUser': '1'}}",{'Rank': '10063'}
ac-versailles.fr,"{'Rank': '176', 'Reach': {'PerMillion': '3700'}, 'PageViews': {'PerMillion': '490', 'PerUser': '3.1'}}",{'Rank': '8457'}
6play.fr,"{'Rank': '177', 'Reach': {'PerMillion': '4900'}, 'PageViews': {'PerMillion': '280', 'PerUser': '1.4'}}",{'Rank': '9441'}
unicaen.fr,"{'Rank': '178', 'Reach': {'PerMillion': '3000'}, 'PageViews': {'PerMillion': '910', 'PerUser': '7.2'}}",{'Rank': '9158'}
readmanganato.com,"{'Rank': '179', 'Reach': {'PerMillion': '2800'}, 'PageViews': {'PerMillion': '1100', 'PerUser': '8.8'}}",{'Rank': '1369'}
cmb.fr,"{'Rank': '180', 'Reach': {'PerMillion': '2900'}, 'PageViews': {'PerMillion': '920', 'PerUser': '7.4'}}",{'Rank': '10309'}
showroomprive.com,"{'Rank': '181', 'Reach': {'PerMillion': '3200'}, 'PageViews': {'PerMillion': '710', 'PerUser': '5.2'}}",{'Rank': '9732'}
education.fr,"{'Rank': '182', 'Reach': {'PerMillion': '4600'}, 'PageViews': {'PerMillion': '300', 'PerUser': '1.5'}}",{'Rank': '9217'}
enphaseenergy.com,"{'Rank': '183', 'Reach': {'PerMillion': '5400'}, 'PageViews': {'PerMillion': '230', 'PerUser': '1'}}",{'Rank': '6732'}
getadblock.com,"{'Rank': '184', 'Reach': {'PerMillion': '5400'}, 'PageViews': {'PerMillion': '230', 'PerUser': '1'}}",{'Rank': '210'}
freshpornclips.com,"{'Rank': '185', 'Reach': {'PerMillion': '2300'}, 'PageViews': {'PerMillion': '2200', 'PerUser': '23'}}",{'Rank': '8656'}
trimble.com,"{'Rank': '186', 'Reach': {'PerMillion': '3300'}, 'PageViews': {'PerMillion': '570', 'PerUser': '4.1'}}",{'Rank': '4161'}
forumactif.com,"{'Rank': '187', 'Reach': {'PerMillion': '4300'}, 'PageViews': {'PerMillion': '290', 'PerUser': '1.6'}}",{'Rank': '9623'}
imp.free.fr,"{'Rank': '188', 'Reach': {'PerMillion': '4100'}, 'PageViews': {'PerMillion': '320', 'PerUser': '1.8'}}",{'Rank': '10009'}
shein.com,"{'Rank': '189', 'Reach': {'PerMillion': '3700'}, 'PageViews': {'PerMillion': '370', 'PerUser': '2.3'}}",{'Rank': '334'}
trustpilot.com,"{'Rank': '190', 'Reach': {'PerMillion': '6770.49'}, 'PageViews': {'PerMillion': '489.77', 'PerUser': '1.69'}}",{'Rank': '397'}
meteojob.com,"{'Rank': '191', 'Reach': {'PerMillion': '3500'}, 'PageViews': {'PerMillion': '430', 'PerUser': '2.9'}}",{'Rank': '10843'}
spotify.com,"{'Rank': '192', 'Reach': {'PerMillion': '4300'}, 'PageViews': {'PerMillion': '270', 'PerUser': '1.5'}}",{'Rank': '76'}
stop-bot.com,"{'Rank': '193', 'Reach': {'PerMillion': '5000'}, 'PageViews': {'PerMillion': '210', 'PerUser': '1'}}",{'Rank': '11380'}
skema.edu,"{'Rank': '194', 'Reach': {'PerMillion': '2900'}, 'PageViews': {'PerMillion': '660', 'PerUser': '5.3'}}",{'Rank': '10328'}
russkie-serialy.tv,"{'Rank': '195', 'Reach': {'PerMillion': '3100'}, 'PageViews': {'PerMillion': '510', 'PerUser': '3.8'}}",{'Rank': '8647'}
univ-eiffel.fr,"{'Rank': '196', 'Reach': {'PerMillion': '2900'}, 'PageViews': {'PerMillion': '570', 'PerUser': '4.6'}}",{'Rank': '11799'}
univ-lyon1.fr,"{'Rank': '197', 'Reach': {'PerMillion': '2600'}, 'PageViews': {'PerMillion': '850', 'PerUser': '7.8'}}",{'Rank': '10600'}
tirexo.work,"{'Rank': '198', 'Reach': {'PerMillion': '2900'}, 'PageViews': {'PerMillion': '590', 'PerUser': '4.7'}}",{'Rank': '5522'}
grenet.fr,"{'Rank': '199', 'Reach': {'PerMillion': '4100'}, 'PageViews': {'PerMillion': '260', 'PerUser': '1.5'}}",{'Rank': '11873'}
auvergnerhonealpes.fr,"{'Rank': '200', 'Reach': {'PerMillion': '3200'}, 'PageViews': {'PerMillion': '440', 'PerUser': '3.2'}}",{'Rank': '11914'}
DataUrl,Country,Global
bouyguestelecom.fr,"{'Rank': '201', 'Reach': {'PerMillion': '3200'}, 'PageViews': {'PerMillion': '420', 'PerUser': '3.1'}}",{'Rank': '10021'}
1fichier.com,"{'Rank': '202', 'Reach': {'PerMillion': '4300'}, 'PageViews': {'PerMillion': '230', 'PerUser': '1.3'}}",{'Rank': '1873'}
wordreference.com,"{'Rank': '203', 'Reach': {'PerMillion': '3600'}, 'PageViews': {'PerMillion': '330', 'PerUser': '2.1'}}",{'Rank': '708'}
commentcamarche.net,"{'Rank': '204', 'Reach': {'PerMillion': '4100'}, 'PageViews': {'PerMillion': '250', 'PerUser': '1.4'}}",{'Rank': '4292'}
zone-turf.fr,"{'Rank': '205', 'Reach': {'PerMillion': '2900'}, 'PageViews': {'PerMillion': '520', 'PerUser': '4.2'}}",{'Rank': '11331'}
sizutan.com,"{'Rank': '206', 'Reach': {'PerMillion': '2200'}, 'PageViews': {'PerMillion': '1300', 'PerUser': '14'}}",{'Rank': '12334'}
marmiton.org,"{'Rank': '207', 'Reach': {'PerMillion': '3300'}, 'PageViews': {'PerMillion': '360', 'PerUser': '2.5'}}",{'Rank': '7673'}
jobteaser.com,"{'Rank': '208', 'Reach': {'PerMillion': '3700'}, 'PageViews': {'PerMillion': '280', 'PerUser': '1.8'}}",{'Rank': '10097'}
netcampus.fr,"{'Rank': '209', 'Reach': {'PerMillion': '2400'}, 'PageViews': {'PerMillion': '880', 'PerUser': '8.8'}}",{'Rank': '12768'}
eurosport.fr,"{'Rank': '210', 'Reach': {'PerMillion': '3000'}, 'PageViews': {'PerMillion': '440', 'PerUser': '3.4'}}",{'Rank': '8019'}
cultura.com,"{'Rank': '211', 'Reach': {'PerMillion': '2200'}, 'PageViews': {'PerMillion': '1100', 'PerUser': '12'}}",{'Rank': '11637'}
trainingbytesize.com,"{'Rank': '212', 'Reach': {'PerMillion': '3200'}, 'PageViews': {'PerMillion': '350', 'PerUser': '2.5'}}",{'Rank': '12934'}
search-checker.com,"{'Rank': '213', 'Reach': {'PerMillion': '4500'}, 'PageViews': {'PerMillion': '190', 'PerUser': '1'}}",{'Rank': '3571'}
programme.tv,"{'Rank': '214', 'Reach': {'PerMillion': '3000'}, 'PageViews': {'PerMillion': '400', 'PerUser': '3.2'}}",{'Rank': '11286'}
gamewave.fr,"{'Rank': '215', 'Reach': {'PerMillion': '4139.17'}, 'PageViews': {'PerMillion': '1046.98', 'PerUser': '5.9'}}",{'Rank': '10478'}
cpasbien.ac,"{'Rank': '216', 'Reach': {'PerMillion': '2200'}, 'PageViews': {'PerMillion': '920', 'PerUser': '9.7'}}",{'Rank': '7801'}
gigya.com,"{'Rank': '217', 'Reach': {'PerMillion': '2300'}, 'PageViews': {'PerMillion': '760', 'PerUser': '7.6'}}",{'Rank': '5946'}
brocabrac.fr,"{'Rank': '218', 'Reach': {'PerMillion': '2900'}, 'PageViews': {'PerMillion': '390', 'PerUser': '3.1'}}",{'Rank': '13749'}
caradisiac.com,"{'Rank': '219', 'Reach': {'PerMillion': '3600'}, 'PageViews': {'PerMillion': '250', 'PerUser': '1.6'}}",{'Rank': '10472'}
varzesh3.com,"{'Rank': '220', 'Reach': {'PerMillion': '3555.11'}, 'PageViews': {'PerMillion': '475.48', 'PerUser': '3.12'}}",{'Rank': '156'}
aol.com,"{'Rank': '221', 'Reach': {'PerMillion': '4200'}, 'PageViews': {'PerMillion': '190', 'PerUser': '1'}}",{'Rank': '351'}
imgur.com,"{'Rank': '222', 'Reach': {'PerMillion': '5386.38'}, 'PageViews': {'PerMillion': '517.67', 'PerUser': '2.24'}}",{'Rank': '125'}
cern.ch,"{'Rank': '223', 'Reach': {'PerMillion': '2800'}, 'PageViews': {'PerMillion': '410', 'PerUser': '3.5'}}",{'Rank': '9588'}
dealabs.com,"{'Rank': '224', 'Reach': {'PerMillion': '2900'}, 'PageViews': {'PerMillion': '360', 'PerUser': '2.9'}}",{'Rank': '10552'}
adkami.com,"{'Rank': '225', 'Reach': {'PerMillion': '2600'}, 'PageViews': {'PerMillion': '470', 'PerUser': '4.2'}}",{'Rank': '12487'}
adblockervideo.com,"{'Rank': '226', 'Reach': {'PerMillion': '4100'}, 'PageViews': {'PerMillion': '180', 'PerUser': '1.1'}}",{'Rank': '2190'}
seekube.com,"{'Rank': '227', 'Reach': {'PerMillion': '2300'}, 'PageViews': {'PerMillion': '670', 'PerUser': '6.8'}}",{'Rank': '14125'}
mdph31.fr,"{'Rank': '228', 'Reach': {'PerMillion': '2600'}, 'PageViews': {'PerMillion': '470', 'PerUser': '4.3'}}",{'Rank': '14288'}
radiometal.com,"{'Rank': '229', 'Reach': {'PerMillion': '4200'}, 'PageViews': {'PerMillion': '180', 'PerUser': '1'}}",{'Rank': '14276'}
rakuten.com,"{'Rank': '230', 'Reach': {'PerMillion': '3000'}, 'PageViews': {'PerMillion': '310', 'PerUser': '2.5'}}",{'Rank': '431'}
gismeteo.ru,"{'Rank': '231', 'Reach': {'PerMillion': '3000'}, 'PageViews': {'PerMillion': '310', 'PerUser': '2.4'}}",{'Rank': '440'}
go-ple.com,"{'Rank': '232', 'Reach': {'PerMillion': '3200'}, 'PageViews': {'PerMillion': '270', 'PerUser': '1.9'}}",{'Rank': '14242'}
lewebpedagogique.com,"{'Rank': '233', 'Reach': {'PerMillion': '2200'}, 'PageViews': {'PerMillion': '720', 'PerUser': '7.7'}}",{'Rank': '12281'}
caissedesdepots.fr,"{'Rank': '234', 'Reach': {'PerMillion': '2000'}, 'PageViews': {'PerMillion': '1000', 'PerUser': '12'}}",{'Rank': '14463'}
e-lyco.fr,"{'Rank': '235', 'Reach': {'PerMillion': '3100'}, 'PageViews': {'PerMillion': '270', 'PerUser': '2'}}",{'Rank': '14409'}
superencontre.com,"{'Rank': '236', 'Reach': {'PerMillion': '2000'}, 'PageViews': {'PerMillion': '900', 'PerUser': '10'}}",{'Rank': '14603'}
femdom-pov.me,"{'Rank': '237', 'Reach': {'PerMillion': '2100'}, 'PageViews': {'PerMillion': '800', 'PerUser': '8.9'}}",{'Rank': '14437'}
gboxapp.com,"{'Rank': '238', 'Reach': {'PerMillion': '3800'}, 'PageViews': {'PerMillion': '190', 'PerUser': '1.1'}}",{'Rank': '13595'}
baidu.com,"{'Rank': '239', 'Reach': {'PerMillion': '2400'}, 'PageViews': {'PerMillion': '490', 'PerUser': '4.8'}}",{'Rank': '6'}
livekoora.online,"{'Rank': '240', 'Reach': {'PerMillion': '3000'}, 'PageViews': {'PerMillion': '290', 'PerUser': '2.3'}}",{'Rank': '4155'}
francetvinfo.fr,"{'Rank': '241', 'Reach': {'PerMillion': '3400'}, 'PageViews': {'PerMillion': '210', 'PerUser': '1.5'}}",{'Rank': '7664'}
amicidellavela.it,"{'Rank': '242', 'Reach': {'PerMillion': '2700'}, 'PageViews': {'PerMillion': '360', 'PerUser': '3.1'}}",{'Rank': '15083'}
journaldesfemmes.fr,"{'Rank': '243', 'Reach': {'PerMillion': '3500'}, 'PageViews': {'PerMillion': '200', 'PerUser': '1.3'}}",{'Rank': '9173'}
researchgate.net,"{'Rank': '244', 'Reach': {'PerMillion': '2800'}, 'PageViews': {'PerMillion': '310', 'PerUser': '2.5'}}",{'Rank': '202'}
merojax.me,"{'Rank': '245', 'Reach': {'PerMillion': '2400'}, 'PageViews': {'PerMillion': '430', 'PerUser': '4.2'}}",{'Rank': '5631'}
marne.gouv.fr,"{'Rank': '246', 'Reach': {'PerMillion': '2500'}, 'PageViews': {'PerMillion': '400', 'PerUser': '3.7'}}",{'Rank': '15435'}
red-by-sfr.fr,"{'Rank': '247', 'Reach': {'PerMillion': '2700'}, 'PageViews': {'PerMillion': '300', 'PerUser': '2.6'}}",{'Rank': '14924'}
konoplinaschool.ru,"{'Rank': '248', 'Reach': {'PerMillion': '3200'}, 'PageViews': {'PerMillion': '210', 'PerUser': '1.5'}}",{'Rank': '15380'}
socialnetwork-adblocker.com,"{'Rank': '249', 'Reach': {'PerMillion': '3800'}, 'PageViews': {'PerMillion': '160', 'PerUser': '1'}}",{'Rank': '4394'}
hp.com,"{'Rank': '250', 'Reach': {'PerMillion': '2300'}, 'PageViews': {'PerMillion': '460', 'PerUser': '4.8'}}",{'Rank': '279'}
hcaptcha.com,"{'Rank': '251', 'Reach': {'PerMillion': '2200'}, 'PageViews': {'PerMillion': '470', 'PerUser': '4.9'}}",{'Rank': '2957'}
maville.com,"{'Rank': '252', 'Reach': {'PerMillion': '2300'}, 'PageViews': {'PerMillion': '440', 'PerUser': '4.5'}}",{'Rank': '15233'}
spotfav.com,"{'Rank': '253', 'Reach': {'PerMillion': '2300'}, 'PageViews': {'PerMillion': '440', 'PerUser': '4.5'}}",{'Rank': '15867'}
regionsjob.com,"{'Rank': '254', 'Reach': {'PerMillion': '2600'}, 'PageViews': {'PerMillion': '310', 'PerUser': '2.8'}}",{'Rank': '14152'}
societe.com,"{'Rank': '255', 'Reach': {'PerMillion': '3100'}, 'PageViews': {'PerMillion': '210', 'PerUser': '1.6'}}",{'Rank': '8825'}
calameo.com,"{'Rank': '256', 'Reach': {'PerMillion': '2600'}, 'PageViews': {'PerMillion': '310', 'PerUser': '2.8'}}",{'Rank': '3010'}
onglet.menu,"{'Rank': '257', 'Reach': {'PerMillion': '3100'}, 'PageViews': {'PerMillion': '210', 'PerUser': '1.6'}}",{'Rank': '16010'}
unesco.org,"{'Rank': '258', 'Reach': {'PerMillion': '3100'}, 'PageViews': {'PerMillion': '210', 'PerUser': '1.6'}}",{'Rank': '4184'}
filmstreaming1.tel,"{'Rank': '259', 'Reach': {'PerMillion': '2100'}, 'PageViews': {'PerMillion': '530', 'PerUser': '5.9'}}",{'Rank': '10792'}
ac-lyon.fr,"{'Rank': '260', 'Reach': {'PerMillion': '3000'}, 'PageViews': {'PerMillion': '220', 'PerUser': '1.7'}}",{'Rank': '15702'}
rtbf.be,"{'Rank': '261', 'Reach': {'PerMillion': '2400'}, 'PageViews': {'PerMillion': '340', 'PerUser': '3.2'}}",{'Rank': '4823'}
cvdesignr.com,"{'Rank': '262', 'Reach': {'PerMillion': '2500'}, 'PageViews': {'PerMillion': '320', 'PerUser': '3'}}",{'Rank': '13246'}
courir.com,"{'Rank': '263', 'Reach': {'PerMillion': '2100'}, 'PageViews': {'PerMillion': '460', 'PerUser': '5'}}",{'Rank': '16271'}
kinokong.org,"{'Rank': '264', 'Reach': {'PerMillion': '2000'}, 'PageViews': {'PerMillion': '570', 'PerUser': '6.7'}}",{'Rank': '2469'}
sncf.com,"{'Rank': '265', 'Reach': {'PerMillion': '2400'}, 'PageViews': {'PerMillion': '310', 'PerUser': '3'}}",{'Rank': '12875'}
adsco.re,"{'Rank': '266', 'Reach': {'PerMillion': '3400'}, 'PageViews': {'PerMillion': '170', 'PerUser': '1.1'}}",{'Rank': '2924'}
ac-lille.fr,"{'Rank': '267', 'Reach': {'PerMillion': '2700'}, 'PageViews': {'PerMillion': '240', 'PerUser': '2.1'}}",{'Rank': '16395'}
ooreka.fr,"{'Rank': '268', 'Reach': {'PerMillion': '3200'}, 'PageViews': {'PerMillion': '170', 'PerUser': '1'}}",{'Rank': '12362'}
itslearning.com,"{'Rank': '269', 'Reach': {'PerMillion': '2500'}, 'PageViews': {'PerMillion': '270', 'PerUser': '2.6'}}",{'Rank': '2922'}
gmx.fr,"{'Rank': '270', 'Reach': {'PerMillion': '2200'}, 'PageViews': {'PerMillion': '380', 'PerUser': '4'}}",{'Rank': '15698'}
shemale777.com,"{'Rank': '271', 'Reach': {'PerMillion': '2300'}, 'PageViews': {'PerMillion': '330', 'PerUser': '3'}}",{'Rank': '16861'}
cima-club.cc,"{'Rank': '272', 'Reach': {'PerMillion': '2000'}, 'PageViews': {'PerMillion': '820', 'PerUser': '10'}}",{'Rank': '1137'}
mesopinions.com,"{'Rank': '273', 'Reach': {'PerMillion': '1900'}, 'PageViews': {'PerMillion': '600', 'PerUser': '7'}}",{'Rank': '16620'}
k2s.cc,"{'Rank': '274', 'Reach': {'PerMillion': '2400'}, 'PageViews': {'PerMillion': '290', 'PerUser': '2.8'}}",{'Rank': '2976'}
lescrous.fr,"{'Rank': '275', 'Reach': {'PerMillion': '3300'}, 'PageViews': {'PerMillion': '160', 'PerUser': '1'}}",{'Rank': '17063'}
xhamsterlive.com,"{'Rank': '276', 'Reach': {'PerMillion': '3500'}, 'PageViews': {'PerMillion': '150', 'PerUser': '1'}}",{'Rank': '785'}
digikala.com,"{'Rank': '277', 'Reach': {'PerMillion': '2407.45'}, 'PageViews': {'PerMillion': '522.81', 'PerUser': '5.06'}}",{'Rank': '139'}
valdoise.fr,"{'Rank': '278', 'Reach': {'PerMillion': '2200'}, 'PageViews': {'PerMillion': '340', 'PerUser': '3.6'}}",{'Rank': '17357'}
auto-doc.fr,"{'Rank': '279', 'Reach': {'PerMillion': '1900'}, 'PageViews': {'PerMillion': '520', 'PerUser': '6'}}",{'Rank': '15036'}
moncompteformation.gouv.fr,"{'Rank': '280', 'Reach': {'PerMillion': '2500'}, 'PageViews': {'PerMillion': '250', 'PerUser': '2.4'}}",{'Rank': '16208'}
lilo.org,"{'Rank': '281', 'Reach': {'PerMillion': '3100'}, 'PageViews': {'PerMillion': '170', 'PerUser': '1'}}",{'Rank': '16401'}
toutatice.fr,"{'Rank': '282', 'Reach': {'PerMillion': '2000'}, 'PageViews': {'PerMillion': '570', 'PerUser': '7'}}",{'Rank': '17427'}
files.wordpress.com,"{'Rank': '283', 'Reach': {'PerMillion': '2700'}, 'PageViews': {'PerMillion': '200', 'PerUser': '1.7'}}",{'Rank': '612'}
mappy.com,"{'Rank': '284', 'Reach': {'PerMillion': '3400'}, 'PageViews': {'PerMillion': '150', 'PerUser': '1'}}",{'Rank': '14499'}
thumbzilla.com,"{'Rank': '285', 'Reach': {'PerMillion': '3300'}, 'PageViews': {'PerMillion': '150', 'PerUser': '1'}}",{'Rank': '5523'}
paneliste.com,"{'Rank': '286', 'Reach': {'PerMillion': '1900'}, 'PageViews': {'PerMillion': '450', 'PerUser': '5'}}",{'Rank': '17661'}
qoo-fr.com,"{'Rank': '287', 'Reach': {'PerMillion': '3000'}, 'PageViews': {'PerMillion': '170', 'PerUser': '1.3'}}",{'Rank': '17285'}
leparisien.fr,"{'Rank': '288', 'Reach': {'PerMillion': '3000'}, 'PageViews': {'PerMillion': '170', 'PerUser': '1.3'}}",{'Rank': '9281'}
ekladata.com,"{'Rank': '289', 'Reach': {'PerMillion': '2700'}, 'PageViews': {'PerMillion': '200', 'PerUser': '2'}}",{'Rank': '15219'}
boulanger.com,"{'Rank': '290', 'Reach': {'PerMillion': '2300'}, 'PageViews': {'PerMillion': '290', 'PerUser': '3'}}",{'Rank': '15784'}
mail.ru,"{'Rank': '291', 'Reach': {'PerMillion': '3000'}, 'PageViews': {'PerMillion': '170', 'PerUser': '1'}}",{'Rank': '58'}
businessmarches.com,"{'Rank': '292', 'Reach': {'PerMillion': '1800'}, 'PageViews': {'PerMillion': '500', 'PerUser': '6'}}",{'Rank': '17890'}
smallpdf.com,"{'Rank': '293', 'Reach': {'PerMillion': '2600'}, 'PageViews': {'PerMillion': '210', 'PerUser': '2'}}",{'Rank': '170'}
airfrance.fr,"{'Rank': '294', 'Reach': {'PerMillion': '2600'}, 'PageViews': {'PerMillion': '200', 'PerUser': '2'}}",{'Rank': '11292'}
nouvelobs.com,"{'Rank': '295', 'Reach': {'PerMillion': '2000'}, 'PageViews': {'PerMillion': '360', 'PerUser': '4'}}",{'Rank': '9264'}
pdfprof.com,"{'Rank': '296', 'Reach': {'PerMillion': '2600'}, 'PageViews': {'PerMillion': '210', 'PerUser': '2'}}",{'Rank': '5188'}
nuespournous.com,"{'Rank': '297', 'Reach': {'PerMillion': '1900'}, 'PageViews': {'PerMillion': '420', 'PerUser': '5'}}",{'Rank': '13834'}
onetag-sys.com,"{'Rank': '298', 'Reach': {'PerMillion': '3300'}, 'PageViews': {'PerMillion': '140', 'PerUser': '1'}}",{'Rank': '15667'}
meteo-villes.com,"{'Rank': '299', 'Reach': {'PerMillion': '2300'}, 'PageViews': {'PerMillion': '260', 'PerUser': '3'}}",{'Rank': '18148'}
iadfrance.fr,"{'Rank': '300', 'Reach': {'PerMillion': '3275.74'}, 'PageViews': {'PerMillion': '599.59', 'PerUser': '4.27'}}",{'Rank': '17501'}
DataUrl,Country,Global
premiumadblocker.com,"{'Rank': '301', 'Reach': {'PerMillion': '3200'}, 'PageViews': {'PerMillion': '140', 'PerUser': '1'}}",{'Rank': '4133'}
lenodal.com,"{'Rank': '302', 'Reach': {'PerMillion': '1800'}, 'PageViews': {'PerMillion': '430', 'PerUser': '5'}}",{'Rank': '18439'}
infogreffe.fr,"{'Rank': '303', 'Reach': {'PerMillion': '2000'}, 'PageViews': {'PerMillion': '500', 'PerUser': '7'}}",{'Rank': '17393'}
cjdropshipping.com,"{'Rank': '304', 'Reach': {'PerMillion': '2000'}, 'PageViews': {'PerMillion': '520', 'PerUser': '7'}}",{'Rank': '1206'}
plateforme-apis.fr,"{'Rank': '305', 'Reach': {'PerMillion': '2200'}, 'PageViews': {'PerMillion': '260', 'PerUser': '3'}}",{'Rank': '18554'}
courrierinternational.com,"{'Rank': '306', 'Reach': {'PerMillion': '2400'}, 'PageViews': {'PerMillion': '220', 'PerUser': '2'}}",{'Rank': '16085'}
molotov.tv,"{'Rank': '307', 'Reach': {'PerMillion': '2800'}, 'PageViews': {'PerMillion': '160', 'PerUser': '1.3'}}",{'Rank': '17336'}
e.leclerc,"{'Rank': '308', 'Reach': {'PerMillion': '3000'}, 'PageViews': {'PerMillion': '150', 'PerUser': '1'}}",{'Rank': '17953'}
cuisineaz.com,"{'Rank': '309', 'Reach': {'PerMillion': '3000'}, 'PageViews': {'PerMillion': '140', 'PerUser': '1'}}",{'Rank': '13002'}
grenoble-inp.org,"{'Rank': '310', 'Reach': {'PerMillion': '2800'}, 'PageViews': {'PerMillion': '170', 'PerUser': '1'}}",{'Rank': '18619'}
boursorama.com,"{'Rank': '311', 'Reach': {'PerMillion': '2100'}, 'PageViews': {'PerMillion': '280', 'PerUser': '3'}}",{'Rank': '14210'}
disneyplus.com,"{'Rank': '312', 'Reach': {'PerMillion': '2600'}, 'PageViews': {'PerMillion': '180', 'PerUser': '2'}}",{'Rank': '243'}
insightcdn.online,"{'Rank': '313', 'Reach': {'PerMillion': '3200'}, 'PageViews': {'PerMillion': '140', 'PerUser': '1'}}",{'Rank': '17509'}
online-convert.com,"{'Rank': '314', 'Reach': {'PerMillion': '1900'}, 'PageViews': {'PerMillion': '370', 'PerUser': '4'}}",{'Rank': '663'}
primewire.ag,"{'Rank': '315', 'Reach': {'PerMillion': '1900'}, 'PageViews': {'PerMillion': '360', 'PerUser': '4'}}",{'Rank': '8287'}
viamichelin.fr,"{'Rank': '316', 'Reach': {'PerMillion': '3000'}, 'PageViews': {'PerMillion': '140', 'PerUser': '1'}}",{'Rank': '16617'}
mycumx.com,"{'Rank': '317', 'Reach': {'PerMillion': '2200'}, 'PageViews': {'PerMillion': '260', 'PerUser': '3'}}",{'Rank': '15181'}
infoclimat.fr,"{'Rank': '318', 'Reach': {'PerMillion': '2400'}, 'PageViews': {'PerMillion': '210', 'PerUser': '2'}}",{'Rank': '18363'}
esleschool.com,"{'Rank': '319', 'Reach': {'PerMillion': '1900'}, 'PageViews': {'PerMillion': '380', 'PerUser': '5'}}",{'Rank': '17813'}
axa.fr,"{'Rank': '320', 'Reach': {'PerMillion': '2200'}, 'PageViews': {'PerMillion': '240', 'PerUser': '3'}}",{'Rank': '17033'}
xtremcloud.cloud,"{'Rank': '321', 'Reach': {'PerMillion': '1000'}, 'PageViews': {'PerMillion': '830', 'PerUser': '10'}}",{'Rank': '18892'}
e-attijari.com,"{'Rank': '322', 'Reach': {'PerMillion': '2000'}, 'PageViews': {'PerMillion': '330', 'PerUser': '4'}}",{'Rank': '18916'}
engie.fr,"{'Rank': '323', 'Reach': {'PerMillion': '1800'}, 'PageViews': {'PerMillion': '390', 'PerUser': '5'}}",{'Rank': '18798'}
vide-greniers.org,"{'Rank': '324', 'Reach': {'PerMillion': '2200'}, 'PageViews': {'PerMillion': '240', 'PerUser': '2'}}",{'Rank': '18774'}
instagram.com,"{'Rank': '325', 'Reach': {'PerMillion': '2500'}, 'PageViews': {'PerMillion': '190', 'PerUser': '2'}}",{'Rank': '23'}
pact75-92.org,"{'Rank': '326', 'Reach': {'PerMillion': '2100'}, 'PageViews': {'PerMillion': '270', 'PerUser': '3'}}",{'Rank': '19025'}
castorama.fr,"{'Rank': '327', 'Reach': {'PerMillion': '2700'}, 'PageViews': {'PerMillion': '160', 'PerUser': '1'}}",{'Rank': '16462'}
auchan.fr,"{'Rank': '328', 'Reach': {'PerMillion': '2000'}, 'PageViews': {'PerMillion': '440', 'PerUser': '6'}}",{'Rank': '14626'}
cambridgeenglish.org,"{'Rank': '329', 'Reach': {'PerMillion': '2000'}, 'PageViews': {'PerMillion': '290', 'PerUser': '3'}}",{'Rank': '7995'}
lolesports.com,"{'Rank': '330', 'Reach': {'PerMillion': '2300'}, 'PageViews': {'PerMillion': '210', 'PerUser': '2'}}",{'Rank': '402'}
paybox.com,"{'Rank': '331', 'Reach': {'PerMillion': '2200'}, 'PageViews': {'PerMillion': '240', 'PerUser': '3'}}",{'Rank': '16723'}
storage.googleapis.com,"{'Rank': '332', 'Reach': {'PerMillion': '2300'}, 'PageViews': {'PerMillion': '200', 'PerUser': '2'}}",{'Rank': '551'}
mymonat.com,"{'Rank': '333', 'Reach': {'PerMillion': '1900'}, 'PageViews': {'PerMillion': '340', 'PerUser': '4'}}",{'Rank': '12366'}
live.net,"{'Rank': '334', 'Reach': {'PerMillion': '3000'}, 'PageViews': {'PerMillion': '130', 'PerUser': '1'}}",{'Rank': '1417'}
yggtorrent.nz,"{'Rank': '335', 'Reach': {'PerMillion': '2000'}, 'PageViews': {'PerMillion': '370', 'PerUser': '5'}}",{'Rank': '7473'}
univ-tours.fr,"{'Rank': '336', 'Reach': {'PerMillion': '1800'}, 'PageViews': {'PerMillion': '350', 'PerUser': '4'}}",{'Rank': '18112'}
telewebion.com,"{'Rank': '337', 'Reach': {'PerMillion': '2093.8'}, 'PageViews': {'PerMillion': '471.26', 'PerUser': '5.25'}}",{'Rank': '187'}
opoxv.com,"{'Rank': '338', 'Reach': {'PerMillion': '3000'}, 'PageViews': {'PerMillion': '130', 'PerUser': '1'}}",{'Rank': '3507'}
coin360.com,"{'Rank': '339', 'Reach': {'PerMillion': '3000'}, 'PageViews': {'PerMillion': '130', 'PerUser': '1'}}",{'Rank': '2348'}
yvelines.fr,"{'Rank': '340', 'Reach': {'PerMillion': '2000'}, 'PageViews': {'PerMillion': '260', 'PerUser': '3'}}",{'Rank': '19217'}
starter-harvest.fr,"{'Rank': '341', 'Reach': {'PerMillion': '2800'}, 'PageViews': {'PerMillion': '140', 'PerUser': '1'}}",{'Rank': '19836'}
mfa.am,"{'Rank': '342', 'Reach': {'PerMillion': '2800'}, 'PageViews': {'PerMillion': '130', 'PerUser': '1'}}",{'Rank': '18690'}
larousse.fr,"{'Rank': '343', 'Reach': {'PerMillion': '2400'}, 'PageViews': {'PerMillion': '170', 'PerUser': '2'}}",{'Rank': '5211'}
lotusmat.fr,"{'Rank': '344', 'Reach': {'PerMillion': '2000'}, 'PageViews': {'PerMillion': '340', 'PerUser': '4'}}",{'Rank': '18488'}
newdeaf.su,"{'Rank': '345', 'Reach': {'PerMillion': '1000'}, 'PageViews': {'PerMillion': '770', 'PerUser': '10'}}",{'Rank': '19877'}
genial.ly,"{'Rank': '346', 'Reach': {'PerMillion': '1800'}, 'PageViews': {'PerMillion': '320', 'PerUser': '4'}}",{'Rank': '2694'}
blogdefolie.com,"{'Rank': '347', 'Reach': {'PerMillion': '2000'}, 'PageViews': {'PerMillion': '380', 'PerUser': '5'}}",{'Rank': '20240'}
saintremi.fr,"{'Rank': '348', 'Reach': {'PerMillion': '1000'}, 'PageViews': {'PerMillion': '550', 'PerUser': '9'}}",{'Rank': '20273'}
poshukach.com,"{'Rank': '349', 'Reach': {'PerMillion': '2800'}, 'PageViews': {'PerMillion': '130', 'PerUser': '1'}}",{'Rank': '1322'}
seinesaintdenis.fr,"{'Rank': '350', 'Reach': {'PerMillion': '2000'}, 'PageViews': {'PerMillion': '250', 'PerUser': '3'}}",{'Rank': '19989'}
dndnha.com,"{'Rank': '351', 'Reach': {'PerMillion': '2000'}, 'PageViews': {'PerMillion': '230', 'PerUser': '3'}}",{'Rank': '7476'}
enthdf.fr,"{'Rank': '352', 'Reach': {'PerMillion': '2000'}, 'PageViews': {'PerMillion': '250', 'PerUser': '3'}}",{'Rank': '20343'}
shihabpresse.dz,"{'Rank': '353', 'Reach': {'PerMillion': '2900'}, 'PageViews': {'PerMillion': '120', 'PerUser': '1'}}",{'Rank': '19325'}
opodo.fr,"{'Rank': '354', 'Reach': {'PerMillion': '2000'}, 'PageViews': {'PerMillion': '310', 'PerUser': '4'}}",{'Rank': '19264'}
myvideo.ge,"{'Rank': '355', 'Reach': {'PerMillion': '2100'}, 'PageViews': {'PerMillion': '210', 'PerUser': '2'}}",{'Rank': '10139'}
utc.fr,"{'Rank': '356', 'Reach': {'PerMillion': '1800'}, 'PageViews': {'PerMillion': '300', 'PerUser': '4'}}",{'Rank': '19367'}
accor.com,"{'Rank': '357', 'Reach': {'PerMillion': '2300'}, 'PageViews': {'PerMillion': '170', 'PerUser': '2'}}",{'Rank': '4523'}
norton.com,"{'Rank': '358', 'Reach': {'PerMillion': '2600'}, 'PageViews': {'PerMillion': '140', 'PerUser': '1'}}",{'Rank': '480'}
cliquojeux.com,"{'Rank': '359', 'Reach': {'PerMillion': '2000'}, 'PageViews': {'PerMillion': '280', 'PerUser': '4'}}",{'Rank': '20716'}
capital.fr,"{'Rank': '360', 'Reach': {'PerMillion': '2500'}, 'PageViews': {'PerMillion': '150', 'PerUser': '1'}}",{'Rank': '16517'}
saintebible.com,"{'Rank': '361', 'Reach': {'PerMillion': '2000'}, 'PageViews': {'PerMillion': '370', 'PerUser': '5'}}",{'Rank': '15353'}
118712.fr,"{'Rank': '362', 'Reach': {'PerMillion': '2200'}, 'PageViews': {'PerMillion': '180', 'PerUser': '2'}}",{'Rank': '19357'}
lequipe.fr,"{'Rank': '363', 'Reach': {'PerMillion': '2300'}, 'PageViews': {'PerMillion': '160', 'PerUser': '2'}}",{'Rank': '6701'}
pdf2100.com,"{'Rank': '364', 'Reach': {'PerMillion': '2700'}, 'PageViews': {'PerMillion': '120', 'PerUser': '1'}}",{'Rank': '2897'}
vimeo.com,"{'Rank': '365', 'Reach': {'PerMillion': '2100'}, 'PageViews': {'PerMillion': '200', 'PerUser': '2'}}",{'Rank': '160'}
platinumgod.co.uk,"{'Rank': '366', 'Reach': {'PerMillion': '2600'}, 'PageViews': {'PerMillion': '130', 'PerUser': '1'}}",{'Rank': '17910'}
sorbonne-universite.fr,"{'Rank': '367', 'Reach': {'PerMillion': '1900'}, 'PageViews': {'PerMillion': '250', 'PerUser': '3'}}",{'Rank': '18377'}
demarches-simplifiees.fr,"{'Rank': '368', 'Reach': {'PerMillion': '2000'}, 'PageViews': {'PerMillion': '220', 'PerUser': '3'}}",{'Rank': '12358'}
linternaute.com,"{'Rank': '369', 'Reach': {'PerMillion': '2700'}, 'PageViews': {'PerMillion': '120', 'PerUser': '1'}}",{'Rank': '11896'}
realsrv.com,"{'Rank': '370', 'Reach': {'PerMillion': '2700'}, 'PageViews': {'PerMillion': '120', 'PerUser': '1'}}",{'Rank': '728'}
novalisgames.com,"{'Rank': '371', 'Reach': {'PerMillion': '2000'}, 'PageViews': {'PerMillion': '340', 'PerUser': '5'}}",{'Rank': '21068'}
fairesagnole.eu,"{'Rank': '372', 'Reach': {'PerMillion': '2000'}, 'PageViews': {'PerMillion': '220', 'PerUser': '3'}}",{'Rank': '21083'}
force.com,"{'Rank': '373', 'Reach': {'PerMillion': '2000'}, 'PageViews': {'PerMillion': '280', 'PerUser': '4'}}",{'Rank': '40'}
voilaporno.com,"{'Rank': '374', 'Reach': {'PerMillion': '2000'}, 'PageViews': {'PerMillion': '210', 'PerUser': '3'}}",{'Rank': '17899'}
amlyu.com,"{'Rank': '375', 'Reach': {'PerMillion': '2500'}, 'PageViews': {'PerMillion': '130', 'PerUser': '1'}}",{'Rank': '21179'}
centralesupelec.fr,"{'Rank': '376', 'Reach': {'PerMillion': '2000'}, 'PageViews': {'PerMillion': '210', 'PerUser': '2'}}",{'Rank': '19711'}
interencheres.com,"{'Rank': '377', 'Reach': {'PerMillion': '2100'}, 'PageViews': {'PerMillion': '180', 'PerUser': '2'}}",{'Rank': '20965'}
ipsosinteractive.com,"{'Rank': '378', 'Reach': {'PerMillion': '2000'}, 'PageViews': {'PerMillion': '280', 'PerUser': '4'}}",{'Rank': '2286'}
imdb.com,"{'Rank': '379', 'Reach': {'PerMillion': '2000'}, 'PageViews': {'PerMillion': '190', 'PerUser': '2'}}",{'Rank': '71'}
momji.fr,"{'Rank': '380', 'Reach': {'PerMillion': '2000'}, 'PageViews': {'PerMillion': '410', 'PerUser': '6'}}",{'Rank': '20246'}
pix.fr,"{'Rank': '381', 'Reach': {'PerMillion': '1900'}, 'PageViews': {'PerMillion': '210', 'PerUser': '3'}}",{'Rank': '20731'}
mozilla.org,"{'Rank': '382', 'Reach': {'PerMillion': '2300'}, 'PageViews': {'PerMillion': '150', 'PerUser': '2'}}",{'Rank': '176'}
taleo.net,"{'Rank': '383', 'Reach': {'PerMillion': '2000'}, 'PageViews': {'PerMillion': '350', 'PerUser': '5'}}",{'Rank': '633'}
sports.ru,"{'Rank': '384', 'Reach': {'PerMillion': '2000'}, 'PageViews': {'PerMillion': '340', 'PerUser': '5'}}",{'Rank': '1579'}
flashscore.com,"{'Rank': '385', 'Reach': {'PerMillion': '1900'}, 'PageViews': {'PerMillion': '220', 'PerUser': '3'}}",{'Rank': '705'}
9gag.com,"{'Rank': '386', 'Reach': {'PerMillion': '2300'}, 'PageViews': {'PerMillion': '140', 'PerUser': '1'}}",{'Rank': '557'}
flixbus.fr,"{'Rank': '387', 'Reach': {'PerMillion': '2100'}, 'PageViews': {'PerMillion': '170', 'PerUser': '2'}}",{'Rank': '21255'}
ovh.net,"{'Rank': '388', 'Reach': {'PerMillion': '2100'}, 'PageViews': {'PerMillion': '180', 'PerUser': '2'}}",{'Rank': '3889'}
mines-ales.fr,"{'Rank': '389', 'Reach': {'PerMillion': '2300'}, 'PageViews': {'PerMillion': '140', 'PerUser': '1'}}",{'Rank': '21743'}
cloudfront.net,"{'Rank': '390', 'Reach': {'PerMillion': '1800'}, 'PageViews': {'PerMillion': '230', 'PerUser': '3'}}",{'Rank': '298'}
etsy.com,"{'Rank': '391', 'Reach': {'PerMillion': '1000'}, 'PageViews': {'PerMillion': '400', 'PerUser': '6'}}",{'Rank': '67'}
lacentrale.fr,"{'Rank': '392', 'Reach': {'PerMillion': '2000'}, 'PageViews': {'PerMillion': '360', 'PerUser': '5'}}",{'Rank': '16906'}
netocentre.fr,"{'Rank': '393', 'Reach': {'PerMillion': '2400'}, 'PageViews': {'PerMillion': '140', 'PerUser': '1'}}",{'Rank': '19548'}
iwanttodeliver.com,"{'Rank': '394', 'Reach': {'PerMillion': '2700'}, 'PageViews': {'PerMillion': '110', 'PerUser': '1'}}",{'Rank': '4576'}
ruenu.com,"{'Rank': '395', 'Reach': {'PerMillion': '2000'}, 'PageViews': {'PerMillion': '190', 'PerUser': '2'}}",{'Rank': '18238'}
zone-telechargement.cam,"{'Rank': '396', 'Reach': {'PerMillion': '2000'}, 'PageViews': {'PerMillion': '290', 'PerUser': '4'}}",{'Rank': '10355'}
seine-maritime.gouv.fr,"{'Rank': '397', 'Reach': {'PerMillion': '2600'}, 'PageViews': {'PerMillion': '110', 'PerUser': '1'}}",{'Rank': '22071'}
gearoidocolmain.org,"{'Rank': '398', 'Reach': {'PerMillion': '2000'}, 'PageViews': {'PerMillion': '300', 'PerUser': '4'}}",{'Rank': '22190'}
gulli.fr,"{'Rank': '399', 'Reach': {'PerMillion': '2000'}, 'PageViews': {'PerMillion': '240', 'PerUser': '3'}}",{'Rank': '22064'}
wannonce.com,"{'Rank': '400', 'Reach': {'PerMillion': '1000'}, 'PageViews': {'PerMillion': '480', 'PerUser': '8'}}",{'Rank': '16457'}
DataUrl,Country,Global
maaf.fr,"{'Rank': '401', 'Reach': {'PerMillion': '1800'}, 'PageViews': {'PerMillion': '220', 'PerUser': '3'}}",{'Rank': '22020'}
page-accueil.info,"{'Rank': '402', 'Reach': {'PerMillion': '1900'}, 'PageViews': {'PerMillion': '200', 'PerUser': '3'}}",{'Rank': '22388'}
xn--mto-bmab.fr,"{'Rank': '403', 'Reach': {'PerMillion': '2600'}, 'PageViews': {'PerMillion': '110', 'PerUser': '1'}}",{'Rank': '22398'}
google.com.sa,"{'Rank': '404', 'Reach': {'PerMillion': '2000'}, 'PageViews': {'PerMillion': '170', 'PerUser': '2'}}",{'Rank': '276'}
gibert.com,"{'Rank': '405', 'Reach': {'PerMillion': '2200'}, 'PageViews': {'PerMillion': '140', 'PerUser': '1'}}",{'Rank': '22374'}
amazonaws.com,"{'Rank': '406', 'Reach': {'PerMillion': '1800'}, 'PageViews': {'PerMillion': '200', 'PerUser': '2'}}",{'Rank': '83'}
offrebourse.com,"{'Rank': '407', 'Reach': {'PerMillion': '2600'}, 'PageViews': {'PerMillion': '110', 'PerUser': '1'}}",{'Rank': '22611'}
gvid.rest,"{'Rank': '408', 'Reach': {'PerMillion': '2000'}, 'PageViews': {'PerMillion': '310', 'PerUser': '5'}}",{'Rank': '9608'}
deliveroo.fr,"{'Rank': '409', 'Reach': {'PerMillion': '1000'}, 'PageViews': {'PerMillion': '390', 'PerUser': '7'}}",{'Rank': '22764'}
toppornsites.com,"{'Rank': '410', 'Reach': {'PerMillion': '2500'}, 'PageViews': {'PerMillion': '110', 'PerUser': '1'}}",{'Rank': '15778'}
paris.fr,"{'Rank': '411', 'Reach': {'PerMillion': '1000'}, 'PageViews': {'PerMillion': '380', 'PerUser': '6'}}",{'Rank': '17171'}
grdf.fr,"{'Rank': '412', 'Reach': {'PerMillion': '1900'}, 'PageViews': {'PerMillion': '180', 'PerUser': '2'}}",{'Rank': '22790'}
la-croix.com,"{'Rank': '413', 'Reach': {'PerMillion': '1900'}, 'PageViews': {'PerMillion': '170', 'PerUser': '2'}}",{'Rank': '18196'}
polytechnique.edu,"{'Rank': '414', 'Reach': {'PerMillion': '1800'}, 'PageViews': {'PerMillion': '190', 'PerUser': '2'}}",{'Rank': '22468'}
univ-lille2.fr,"{'Rank': '415', 'Reach': {'PerMillion': '1900'}, 'PageViews': {'PerMillion': '170', 'PerUser': '2'}}",{'Rank': '22025'}
doctissimo.fr,"{'Rank': '416', 'Reach': {'PerMillion': '2400'}, 'PageViews': {'PerMillion': '120', 'PerUser': '1'}}",{'Rank': '10534'}
glassdoor.fr,"{'Rank': '417', 'Reach': {'PerMillion': '1900'}, 'PageViews': {'PerMillion': '170', 'PerUser': '2'}}",{'Rank': '21085'}
steamcommunity.com,"{'Rank': '418', 'Reach': {'PerMillion': '1800'}, 'PageViews': {'PerMillion': '190', 'PerUser': '2'}}",{'Rank': '383'}
forumophilia.com,"{'Rank': '419', 'Reach': {'PerMillion': '2000'}, 'PageViews': {'PerMillion': '270', 'PerUser': '4'}}",{'Rank': '9964'}
observalgerie.com,"{'Rank': '420', 'Reach': {'PerMillion': '3342.17'}, 'PageViews': {'PerMillion': '244.29', 'PerUser': '1.7'}}",{'Rank': '19742'}
monbureaunumerique.fr,"{'Rank': '421', 'Reach': {'PerMillion': '2000'}, 'PageViews': {'PerMillion': '280', 'PerUser': '4'}}",{'Rank': '23275'}
eklablog.com,"{'Rank': '422', 'Reach': {'PerMillion': '2200'}, 'PageViews': {'PerMillion': '130', 'PerUser': '1'}}",{'Rank': '11465'}
imasdk.googleapis.com,"{'Rank': '423', 'Reach': {'PerMillion': '1900'}, 'PageViews': {'PerMillion': '160', 'PerUser': '2'}}",{'Rank': '11154'}
credit-du-nord.fr,"{'Rank': '424', 'Reach': {'PerMillion': '2000'}, 'PageViews': {'PerMillion': '250', 'PerUser': '4'}}",{'Rank': '23658'}
rapidgator.net,"{'Rank': '425', 'Reach': {'PerMillion': '1900'}, 'PageViews': {'PerMillion': '160', 'PerUser': '2'}}",{'Rank': '1383'}
cam4.fr,"{'Rank': '426', 'Reach': {'PerMillion': '2000'}, 'PageViews': {'PerMillion': '130', 'PerUser': '2'}}",{'Rank': '17894'}
samsung.com,"{'Rank': '427', 'Reach': {'PerMillion': '2000'}, 'PageViews': {'PerMillion': '200', 'PerUser': '3'}}",{'Rank': '280'}
ec-lyon.fr,"{'Rank': '428', 'Reach': {'PerMillion': '1800'}, 'PageViews': {'PerMillion': '170', 'PerUser': '2'}}",{'Rank': '23608'}
pokecardex.com,"{'Rank': '429', 'Reach': {'PerMillion': '1000'}, 'PageViews': {'PerMillion': '280', 'PerUser': '4'}}",{'Rank': '23730'}
conforama.fr,"{'Rank': '430', 'Reach': {'PerMillion': '1000'}, 'PageViews': {'PerMillion': '400', 'PerUser': '7'}}",{'Rank': '20706'}
bloooo.fr,"{'Rank': '431', 'Reach': {'PerMillion': '2000'}, 'PageViews': {'PerMillion': '250', 'PerUser': '4'}}",{'Rank': '24022'}
tripadvisor.fr,"{'Rank': '432', 'Reach': {'PerMillion': '2000'}, 'PageViews': {'PerMillion': '140', 'PerUser': '2'}}",{'Rank': '12372'}
keycaptcha.com,"{'Rank': '433', 'Reach': {'PerMillion': '2100'}, 'PageViews': {'PerMillion': '130', 'PerUser': '1'}}",{'Rank': '24030'}
turkish-tv-series.ru,"{'Rank': '434', 'Reach': {'PerMillion': '2000'}, 'PageViews': {'PerMillion': '170', 'PerUser': '2'}}",{'Rank': '6528'}
myshopify.com,"{'Rank': '435', 'Reach': {'PerMillion': '2000'}, 'PageViews': {'PerMillion': '180', 'PerUser': '2'}}",{'Rank': '30'}
helloasso.com,"{'Rank': '436', 'Reach': {'PerMillion': '2000'}, 'PageViews': {'PerMillion': '130', 'PerUser': '2'}}",{'Rank': '21412'}
bookys.org,"{'Rank': '437', 'Reach': {'PerMillion': '2400'}, 'PageViews': {'PerMillion': '100', 'PerUser': '1'}}",{'Rank': '23539'}
prixtel.com,"{'Rank': '438', 'Reach': {'PerMillion': '2100'}, 'PageViews': {'PerMillion': '120', 'PerUser': '1'}}",{'Rank': '23795'}
lesechos.fr,"{'Rank': '439', 'Reach': {'PerMillion': '2400'}, 'PageViews': {'PerMillion': '100', 'PerUser': '1'}}",{'Rank': '13606'}
viki.com,"{'Rank': '440', 'Reach': {'PerMillion': '2000'}, 'PageViews': {'PerMillion': '210', 'PerUser': '3'}}",{'Rank': '2425'}
meteo60.fr,"{'Rank': '441', 'Reach': {'PerMillion': '2300'}, 'PageViews': {'PerMillion': '100', 'PerUser': '1'}}",{'Rank': '24579'}
parstoday.com,"{'Rank': '442', 'Reach': {'PerMillion': '900'}, 'PageViews': {'PerMillion': '1300', 'PerUser': '30'}}",{'Rank': '6751'}
123movies.net,"{'Rank': '443', 'Reach': {'PerMillion': '2000'}, 'PageViews': {'PerMillion': '210', 'PerUser': '3'}}",{'Rank': '15839'}
retraites.fr,"{'Rank': '444', 'Reach': {'PerMillion': '2000'}, 'PageViews': {'PerMillion': '230', 'PerUser': '4'}}",{'Rank': '24599'}
darty.com,"{'Rank': '445', 'Reach': {'PerMillion': '1000'}, 'PageViews': {'PerMillion': '270', 'PerUser': '4'}}",{'Rank': '18935'}
cairn.info,"{'Rank': '446', 'Reach': {'PerMillion': '1900'}, 'PageViews': {'PerMillion': '140', 'PerUser': '2'}}",{'Rank': '8980'}
clubic.com,"{'Rank': '447', 'Reach': {'PerMillion': '1800'}, 'PageViews': {'PerMillion': '140', 'PerUser': '2'}}",{'Rank': '7299'}
ed-protect.org,"{'Rank': '448', 'Reach': {'PerMillion': '2000'}, 'PageViews': {'PerMillion': '170', 'PerUser': '2'}}",{'Rank': '17815'}
01net.com,"{'Rank': '449', 'Reach': {'PerMillion': '2000'}, 'PageViews': {'PerMillion': '120', 'PerUser': '1'}}",{'Rank': '6459'}
actionlogement.fr,"{'Rank': '450', 'Reach': {'PerMillion': '2000'}, 'PageViews': {'PerMillion': '170', 'PerUser': '2'}}",{'Rank': '24651'}
go-fr.com,"{'Rank': '451', 'Reach': {'PerMillion': '1800'}, 'PageViews': {'PerMillion': '140', 'PerUser': '2'}}",{'Rank': '25069'}
soliha.fr,"{'Rank': '452', 'Reach': {'PerMillion': '2200'}, 'PageViews': {'PerMillion': '100', 'PerUser': '1'}}",{'Rank': '25090'}
tv5monde.com,"{'Rank': '453', 'Reach': {'PerMillion': '1000'}, 'PageViews': {'PerMillion': '240', 'PerUser': '4'}}",{'Rank': '9037'}
ac-grenoble.fr,"{'Rank': '454', 'Reach': {'PerMillion': '1900'}, 'PageViews': {'PerMillion': '130', 'PerUser': '2'}}",{'Rank': '22748'}
discogs.com,"{'Rank': '455', 'Reach': {'PerMillion': '2000'}, 'PageViews': {'PerMillion': '190', 'PerUser': '3'}}",{'Rank': '965'}
eliterencontre.fr,"{'Rank': '456', 'Reach': {'PerMillion': '2300'}, 'PageViews': {'PerMillion': '98', 'PerUser': '1'}}",{'Rank': '25099'}
commentcamarche.com,"{'Rank': '457', 'Reach': {'PerMillion': '2000'}, 'PageViews': {'PerMillion': '150', 'PerUser': '2'}}",{'Rank': '21449'}
ouestjob.com,"{'Rank': '458', 'Reach': {'PerMillion': '2000'}, 'PageViews': {'PerMillion': '160', 'PerUser': '2'}}",{'Rank': '24770'}
outbrain.com,"{'Rank': '459', 'Reach': {'PerMillion': '2200'}, 'PageViews': {'PerMillion': '100', 'PerUser': '1'}}",{'Rank': '439'}
sunporno.com,"{'Rank': '460', 'Reach': {'PerMillion': '2000'}, 'PageViews': {'PerMillion': '170', 'PerUser': '2'}}",{'Rank': '3605'}
ratp.fr,"{'Rank': '461', 'Reach': {'PerMillion': '2000'}, 'PageViews': {'PerMillion': '180', 'PerUser': '3'}}",{'Rank': '19080'}
ansa.it,"{'Rank': '462', 'Reach': {'PerMillion': '2000'}, 'PageViews': {'PerMillion': '140', 'PerUser': '2'}}",{'Rank': '3604'}
soundcloud.com,"{'Rank': '463', 'Reach': {'PerMillion': '2200'}, 'PageViews': {'PerMillion': '96', 'PerUser': '1'}}",{'Rank': '140'}
sudouest.fr,"{'Rank': '464', 'Reach': {'PerMillion': '2200'}, 'PageViews': {'PerMillion': '96', 'PerUser': '1'}}",{'Rank': '23676'}
decathlon.fr,"{'Rank': '465', 'Reach': {'PerMillion': '1000'}, 'PageViews': {'PerMillion': '210', 'PerUser': '3'}}",{'Rank': '15910'}
cascoronavirus.fr,"{'Rank': '466', 'Reach': {'PerMillion': '2200'}, 'PageViews': {'PerMillion': '96', 'PerUser': '1'}}",{'Rank': '25678'}
cadremploi.fr,"{'Rank': '467', 'Reach': {'PerMillion': '2000'}, 'PageViews': {'PerMillion': '140', 'PerUser': '2'}}",{'Rank': '21044'}
cavusvinifera.com,"{'Rank': '468', 'Reach': {'PerMillion': '1000'}, 'PageViews': {'PerMillion': '340', 'PerUser': '6'}}",{'Rank': '25749'}
hotscopes.to,"{'Rank': '469', 'Reach': {'PerMillion': '1000'}, 'PageViews': {'PerMillion': '230', 'PerUser': '4'}}",{'Rank': '24476'}
tracksino.com,"{'Rank': '470', 'Reach': {'PerMillion': '1800'}, 'PageViews': {'PerMillion': '130', 'PerUser': '2'}}",{'Rank': '23853'}
tiktok.com,"{'Rank': '471', 'Reach': {'PerMillion': '2000'}, 'PageViews': {'PerMillion': '150', 'PerUser': '2'}}",{'Rank': '61'}
france-education-international.fr,"{'Rank': '472', 'Reach': {'PerMillion': '1000'}, 'PageViews': {'PerMillion': '230', 'PerUser': '4'}}",{'Rank': '19022'}
atlasformen.fr,"{'Rank': '473', 'Reach': {'PerMillion': '1000'}, 'PageViews': {'PerMillion': '450', 'PerUser': '9'}}",{'Rank': '25675'}
zara.com,"{'Rank': '474', 'Reach': {'PerMillion': '1000'}, 'PageViews': {'PerMillion': '330', 'PerUser': '6'}}",{'Rank': '573'}
hespress.com,"{'Rank': '475', 'Reach': {'PerMillion': '2453.1'}, 'PageViews': {'PerMillion': '483.94', 'PerUser': '4.6'}}",{'Rank': '940'}
getcourse.ru,"{'Rank': '476', 'Reach': {'PerMillion': '1000'}, 'PageViews': {'PerMillion': '250', 'PerUser': '4'}}",{'Rank': '1611'}
europa.eu,"{'Rank': '477', 'Reach': {'PerMillion': '1900'}, 'PageViews': {'PerMillion': '120', 'PerUser': '1'}}",{'Rank': '685'}
backmarket.fr,"{'Rank': '478', 'Reach': {'PerMillion': '1800'}, 'PageViews': {'PerMillion': '130', 'PerUser': '2'}}",{'Rank': '21154'}
rambler.ru,"{'Rank': '479', 'Reach': {'PerMillion': '2000'}, 'PageViews': {'PerMillion': '130', 'PerUser': '2'}}",{'Rank': '444'}
op.gg,"{'Rank': '480', 'Reach': {'PerMillion': '1000'}, 'PageViews': {'PerMillion': '320', 'PerUser': '6'}}",{'Rank': '344'}
nickel.eu,"{'Rank': '481', 'Reach': {'PerMillion': '1900'}, 'PageViews': {'PerMillion': '110', 'PerUser': '1'}}",{'Rank': '23300'}
apec.fr,"{'Rank': '482', 'Reach': {'PerMillion': '1000'}, 'PageViews': {'PerMillion': '340', 'PerUser': '7'}}",{'Rank': '19451'}
le360.ma,"{'Rank': '483', 'Reach': {'PerMillion': '2576.4'}, 'PageViews': {'PerMillion': '363.81', 'PerUser': '3.29'}}",{'Rank': '3021'}
persee.fr,"{'Rank': '484', 'Reach': {'PerMillion': '2100'}, 'PageViews': {'PerMillion': '91', 'PerUser': '1'}}",{'Rank': '15080'}
leprogres.fr,"{'Rank': '485', 'Reach': {'PerMillion': '2100'}, 'PageViews': {'PerMillion': '95', 'PerUser': '1'}}",{'Rank': '24444'}
axabanque.fr,"{'Rank': '486', 'Reach': {'PerMillion': '1000'}, 'PageViews': {'PerMillion': '290', 'PerUser': '6'}}",{'Rank': '26241'}
letudiant.fr,"{'Rank': '487', 'Reach': {'PerMillion': '2000'}, 'PageViews': {'PerMillion': '150', 'PerUser': '2'}}",{'Rank': '18519'}
manutd.ru,"{'Rank': '488', 'Reach': {'PerMillion': '1000'}, 'PageViews': {'PerMillion': '180', 'PerUser': '3'}}",{'Rank': '15493'}
damart.fr,"{'Rank': '489', 'Reach': {'PerMillion': '1000'}, 'PageViews': {'PerMillion': '470', 'PerUser': '10'}}",{'Rank': '27316'}
kayak.fr,"{'Rank': '490', 'Reach': {'PerMillion': '2000'}, 'PageViews': {'PerMillion': '130', 'PerUser': '2'}}",{'Rank': '25472'}
leagueoflegends.com,"{'Rank': '491', 'Reach': {'PerMillion': '1000'}, 'PageViews': {'PerMillion': '230', 'PerUser': '4'}}",{'Rank': '1263'}
futura-sciences.com,"{'Rank': '492', 'Reach': {'PerMillion': '2100'}, 'PageViews': {'PerMillion': '89', 'PerUser': '1'}}",{'Rank': '9724'}
synonymo.fr,"{'Rank': '493', 'Reach': {'PerMillion': '2000'}, 'PageViews': {'PerMillion': '130', 'PerUser': '2'}}",{'Rank': '11675'}
xboxygen.com,"{'Rank': '494', 'Reach': {'PerMillion': '2356.6'}, 'PageViews': {'PerMillion': '266.32', 'PerUser': '2.64'}}",{'Rank': '23520'}
transavia.com,"{'Rank': '495', 'Reach': {'PerMillion': '1000'}, 'PageViews': {'PerMillion': '340', 'PerUser': '7'}}",{'Rank': '19324'}
irib.ir,"{'Rank': '496', 'Reach': {'PerMillion': '1000'}, 'PageViews': {'PerMillion': '240', 'PerUser': '4'}}",{'Rank': '5755'}
nounou-top.fr,"{'Rank': '497', 'Reach': {'PerMillion': '2000'}, 'PageViews': {'PerMillion': '92', 'PerUser': '1'}}",{'Rank': '27701'}
apolearn.com,"{'Rank': '498', 'Reach': {'PerMillion': '2000'}, 'PageViews': {'PerMillion': '120', 'PerUser': '2'}}",{'Rank': '23927'}
9anime.to,"{'Rank': '499', 'Reach': {'PerMillion': '1000'}, 'PageViews': {'PerMillion': '250', 'PerUser': '5'}}",{'Rank': '1199'}
ornikar.com,"{'Rank': '500', 'Reach': {'PerMillion': '2000'}, 'PageViews': {'PerMillion': '130', 'PerUser': '2'}}",{'Rank': '25068'}
